	{

		"metadata": {
			"formatVersion" : 3.1,
			"generatedBy"   : "Blender 2.7 Exporter",
			"vertices"      : 14,
			"faces"         : 11,
			"normals"       : 14,
			"colors"        : 0,
			"uvs"           : [4],
			"materials"     : 1,
			"morphTargets"  : 0,
			"bones"         : 0
		},

			"scale" : 1.000000,
			
			"vertices" : [0.254251,1.52535,-0.0500001,0.254251,1.52535,0.0499999,-0.245731,1.52961,-0.0500001,-0.245731,1.52961,0.0499999,0.245731,0.525388,0.05,0.245731,0.525388,-0.05,-0.254251,0.529648,0.05,-0.254251,0.529648,-0.05,0.00051656,0.0646,0.05,0.00051656,0.0646,-0.05,0.5,0.5646,-0.05,0.5,0.5646,0.05,-0.5,0.5646,-0.05,-0.5,0.5646,0.05],
			"faces"    : [43,0,2,3,1,0,0,1,2,3,0,1,2,3,43,4,6,7,5,0,0,1,2,3,4,5,6,7,43,0,1,4,5,0,2,3,0,1,0,3,4,7,43,7,6,3,2,0,0,1,2,3,6,5,2,1,43,2,0,5,7,0,2,3,0,1,1,0,7,6,43,1,3,6,4,0,0,1,2,3,3,2,5,4,43,10,12,13,11,1,0,1,2,3,8,9,10,11,43,8,9,10,11,1,2,3,0,1,12,13,8,11,43,9,8,13,12,1,2,3,0,1,13,12,10,9,42,11,13,8,1,0,1,2,11,10,12,42,9,12,10,1,0,2,3,13,9,8],
			"uvs"      : [[0,1,0,0,1,0,1,1]],
			"normals"  : [0.582232,0.572405,-0.577349,-0.572405,0.582232,-0.577349,-0.572405,0.582232,0.577349,0.582232,0.572405,0.577349,0.572405,-0.582232,0.577349,-0.582232,-0.572405,0.577349,-0.582232,-0.572405,-0.577349,0.572405,-0.582232,-0.577349,0.773339,0.320566,-0.546922,-0.773522,0.32017,-0.546892,-0.773522,0.32017,0.546892,0.773339,0.320566,0.546922,0.000397,-0.816492,0.577349,0.000397,-0.816492,-0.577349],
			
			"skinIndices"  : [],
			"skinWeights"  : [],
			"morphTargets" : [],
			
			"bones"      : [],
			"animations" : [],
			
			"colors"    : [],
			"materials" : [
				{
					"DbgColor": 15658734,
					"DbgIndex": 0,
					"DbgName": "Standard",
					"blending": "NormalBlending",
					"colorAmbient": [0.6078431606292725, 0.054901961237192154, 0.054901961237192154],
					"colorDiffuse": [0.6078431606292725, 0.054901961237192154, 0.054901961237192154],
					"colorEmissive": [0.0, 0.0, 0.0],
					"colorSpecular": [0.041960783302783966, 0.028235293924808502, 0.028235293924808502],
					"depthTest": true,
					"depthWrite": true,
					"shading": "Lambert",
					"specularCoef": 50,
					"transparency": 1.0,
					"transparent": false,
					"vertexColors": false
				},
				{
					"DbgColor": 15597568,
					"DbgIndex": 1,
					"DbgName": "Standard",
					"blending": "NormalBlending",
					"colorAmbient": [0.6078431606292725, 0.054901961237192154, 0.054901961237192154],
					"colorDiffuse": [0.6078431606292725, 0.054901961237192154, 0.054901961237192154],
					"colorEmissive": [0.0, 0.0, 0.0],
					"colorSpecular": [0.041960783302783966, 0.028235293924808502, 0.028235293924808502],
					"depthTest": true,
					"depthWrite": true,
					"shading": "Lambert",
					"specularCoef": 50,
					"transparency": 1.0,
					"transparent": false,
					"vertexColors": false
				}
			]


	}
